id;population;species;sample_type;BioProject;Accession;Notes;Study
AMB_001;Amboseli;yellow_anubis_hybrid;high_quality_tissue;PRJNA755322;SAMN20814953;;Vilgalys
AMB_002;Amboseli;yellow_anubis_hybrid;high_quality_tissue;PRJNA755322;SAMN20815138;;Vilgalys
AMB_003;Amboseli;yellow_anubis_hybrid;high_quality_tissue;PRJNA755322;SAMN20815029;;Vilgalys
AMB_004;Amboseli;yellow_anubis_hybrid;high_quality_tissue;PRJNA755322;SAMN20815279;;Vilgalys
AMB_005;Amboseli;yellow_anubis_hybrid;high_quality_tissue;PRJNA755322;SAMN20814964;;Vilgalys
AMB_006;Amboseli;yellow_anubis_hybrid;high_quality_tissue;PRJNA755322;SAMN20815313;;Vilgalys
AMB_007;Amboseli;yellow_anubis_hybrid;high_quality_tissue;PRJNA755322;SAMN20815239;;Vilgalys
AMB_008;Amboseli;yellow_anubis_hybrid;high_quality_tissue;PRJNA755322;SAMN20814941;;Vilgalys
AMB_009;Amboseli;yellow_anubis_hybrid;high_quality_tissue;PRJNA755322;SAMN20814920;;Vilgalys
AMB_010;Amboseli;yellow_anubis_hybrid;high_quality_tissue;PRJNA755322;SAMN20814934;;Vilgalys
AMB_011;Amboseli;yellow_anubis_hybrid;high_quality_tissue;PRJNA755322;SAMN20814932;;Vilgalys
AMB_012;Amboseli;yellow_anubis_hybrid;high_quality_tissue;PRJNA755322;SAMN20815307;;Vilgalys
AMB_013;Amboseli;yellow_anubis_hybrid;high_quality_tissue;PRJNA755322;SAMN20815054;;Vilgalys
AMB_014;Amboseli;yellow_anubis_hybrid;high_quality_tissue;PRJNA755322;SAMN20815017;;Vilgalys
AMB_015;Amboseli;yellow_anubis_hybrid;high_quality_tissue;PRJNA755322;SAMN20815051;;Vilgalys
AMB_016;Amboseli;yellow_anubis_hybrid;high_quality_tissue;PRJNA755322;SAMN20815080;;Vilgalys
AMB_017;Amboseli;yellow_anubis_hybrid;high_quality_tissue;PRJNA755322;SAMN20815076;;Vilgalys
AMB_018;Amboseli;yellow_anubis_hybrid;high_quality_tissue;PRJNA755322;SAMN20815253;;Vilgalys
AMB_019;Amboseli;yellow_anubis_hybrid;high_quality_tissue;PRJNA755322;SAMN20815056;;Vilgalys
AMB_020;Amboseli;yellow_anubis_hybrid;high_quality_tissue;PRJNA755322;SAMN20815268;;Vilgalys
AMB_021;Amboseli;yellow_anubis_hybrid;high_quality_tissue;PRJNA755322;SAMN20815180;;Vilgalys
AMB_022;Amboseli;yellow_anubis_hybrid;high_quality_tissue;PRJNA755322;SAMN20815302;;Vilgalys
AMB_023;Amboseli;yellow_anubis_hybrid;high_quality_tissue;PRJNA755322;SAMN20814930;;Vilgalys
AMB_024;Amboseli;yellow_anubis_hybrid;high_quality_tissue;PRJNA755322;SAMN20815001;;Vilgalys
AMB_025;Amboseli;yellow_anubis_hybrid;high_quality_tissue;PRJNA755322;SAMN20815072;;Vilgalys
AMB_026;Amboseli;yellow_anubis_hybrid;high_quality_tissue;PRJNA755322;SAMN20815207;;Vilgalys
AMB_027;Amboseli;yellow_anubis_hybrid;high_quality_tissue;PRJNA755322;SAMN20814908;;Vilgalys
AMB_028;Amboseli;yellow_anubis_hybrid;high_quality_tissue;PRJNA755322;SAMN20815197;;Vilgalys
AMB_029;Amboseli;yellow_anubis_hybrid;high_quality_tissue;PRJNA755322;SAMN20815062;;Vilgalys
AMB_030;Amboseli;yellow_anubis_hybrid;high_quality_tissue;PRJNA755322;SAMN20815003;;Vilgalys
AMB_031;Amboseli;yellow_anubis_hybrid;high_quality_tissue;PRJNA755322;SAMN20815189;;Vilgalys
AMB_032;Amboseli;yellow_anubis_hybrid;high_quality_tissue;PRJNA755322;SAMN20815269;;Vilgalys
AMB_033;Amboseli;yellow_anubis_hybrid;high_quality_tissue;PRJNA755322;SAMN20815009;;Vilgalys
AMB_034;Amboseli;yellow_anubis_hybrid;high_quality_tissue;PRJNA755322;SAMN20815205;;Vilgalys
AMB_035;Amboseli;yellow_anubis_hybrid;high_quality_tissue;PRJNA755322;SAMN20815027;;Vilgalys
AMB_036;Amboseli;yellow_anubis_hybrid;high_quality_tissue;PRJNA755322;SAMN20814912;;Vilgalys
AMB_037;Amboseli;yellow_anubis_hybrid;high_quality_tissue;PRJNA755322;SAMN20815181;;Vilgalys
AMB_038;Amboseli;yellow_anubis_hybrid;high_quality_tissue;PRJNA755322;SAMN20815251;;Vilgalys
AMB_039;Amboseli;yellow_anubis_hybrid;high_quality_tissue;PRJNA755322;SAMN20814909;;Vilgalys
AMB_040;Amboseli;yellow_anubis_hybrid;high_quality_tissue;PRJNA755322;SAMN20815024;;Vilgalys
AMB_041;Amboseli;yellow_anubis_hybrid;high_quality_tissue;PRJNA755322;SAMN20814962;;Vilgalys
AMB_042;Amboseli;yellow_anubis_hybrid;high_quality_tissue;PRJNA755322;SAMN20815208;;Vilgalys
AMB_043;Amboseli;yellow_anubis_hybrid;high_quality_tissue;PRJNA755322;SAMN20815013;;Vilgalys
AMB_044;Amboseli;yellow_anubis_hybrid;high_quality_tissue;PRJNA755322;SAMN20814922;;Vilgalys
AMB_045;Amboseli;yellow_anubis_hybrid;high_quality_tissue;PRJNA755322;SAMN20815035;;Vilgalys
AMB_046;Amboseli;yellow_anubis_hybrid;high_quality_tissue;PRJNA755322;SAMN20815034;;Vilgalys
AMB_047;Amboseli;yellow_anubis_hybrid;high_quality_tissue;PRJNA755322;SAMN20815265;;Vilgalys
AMB_048;Amboseli;yellow_anubis_hybrid;high_quality_tissue;PRJNA755322;SAMN20815045;;Vilgalys
AMB_049;Amboseli;yellow_anubis_hybrid;high_quality_tissue;PRJNA755322;SAMN20814994;;Vilgalys
AMB_050;Amboseli;yellow_anubis_hybrid;high_quality_tissue;PRJNA755322;SAMN20815117;;Vilgalys
AMB_051;Amboseli;yellow_anubis_hybrid;high_quality_tissue;PRJNA755322;SAMN20815043;;Vilgalys
AMB_052;Amboseli;yellow_anubis_hybrid;high_quality_tissue;PRJNA755322;SAMN20814985;;Vilgalys
AMB_053;Amboseli;yellow_anubis_hybrid;high_quality_tissue;PRJNA755322;SAMN20815290;;Vilgalys
AMB_054;Amboseli;yellow_anubis_hybrid;high_quality_tissue;PRJNA755322;SAMN20815057;;Vilgalys
AMB_055;Amboseli;yellow_anubis_hybrid;high_quality_tissue;PRJNA755322;SAMN20815306;;Vilgalys
AMB_056;Amboseli;yellow_anubis_hybrid;high_quality_tissue;PRJNA755322;SAMN20815225;;Vilgalys
AMB_057;Amboseli;yellow_anubis_hybrid;high_quality_tissue;PRJNA755322;SAMN20815155;;Vilgalys
AMB_058;Amboseli;yellow_anubis_hybrid;high_quality_tissue;PRJNA755322;SAMN20814980;;Vilgalys
AMB_059;Amboseli;yellow_anubis_hybrid;high_quality_tissue;PRJNA755322;SAMN20815053;;Vilgalys
AMB_060;Amboseli;yellow_anubis_hybrid;high_quality_tissue;PRJNA755322;SAMN20814966;;Vilgalys
AMB_061;Amboseli;yellow_anubis_hybrid;high_quality_tissue;PRJNA755322;SAMN20815267;;Vilgalys
AMB_062;Amboseli;yellow_anubis_hybrid;high_quality_tissue;PRJNA755322;SAMN20814911;;Vilgalys
AMB_063;Amboseli;yellow_anubis_hybrid;high_quality_tissue;PRJNA755322;SAMN20815050;;Vilgalys
AMB_064;Amboseli;yellow_anubis_hybrid;high_quality_tissue;PRJNA755322;SAMN20814925;;Vilgalys
AMB_065;Amboseli;yellow_anubis_hybrid;high_quality_tissue;PRJNA755322;SAMN20814907;;Vilgalys
AMB_066;Amboseli;yellow_anubis_hybrid;high_quality_tissue;PRJNA755322;SAMN20815026;;Vilgalys
AMB_067;Amboseli;yellow_anubis_hybrid;high_quality_tissue;PRJNA755322;SAMN20815231;;Vilgalys
AMB_068;Amboseli;yellow_anubis_hybrid;high_quality_tissue;PRJNA755322;SAMN20814977;;Vilgalys
AMB_069;Amboseli;yellow_anubis_hybrid;high_quality_tissue;PRJNA755322;SAMN20815151;;Vilgalys
AMB_070;Amboseli;yellow_anubis_hybrid;high_quality_tissue;PRJNA755322;SAMN20815186;;Vilgalys
AMB_071;Amboseli;yellow_anubis_hybrid;high_quality_tissue;PRJNA755322;SAMN20815069;;Vilgalys
AMB_072;Amboseli;yellow_anubis_hybrid;high_quality_tissue;PRJNA755322;SAMN20815193;;Vilgalys
AMB_073;Amboseli;yellow_anubis_hybrid;high_quality_tissue;PRJNA755322;SAMN20815206;;Vilgalys
AMB_074;Amboseli;yellow_anubis_hybrid;high_quality_tissue;PRJNA755322;SAMN20815310;;Vilgalys
AMB_075;Amboseli;yellow_anubis_hybrid;high_quality_tissue;PRJNA755322;SAMN20815109;;Vilgalys
AMB_076;Amboseli;yellow_anubis_hybrid;high_quality_tissue;PRJNA755322;SAMN20814972;;Vilgalys
AMB_077;Amboseli;yellow_anubis_hybrid;high_quality_tissue;PRJNA755322;SAMN20815047;;Vilgalys
AMB_078;Amboseli;yellow_anubis_hybrid;high_quality_tissue;PRJNA755322;SAMN20815199;;Vilgalys
AMB_079;Amboseli;yellow_anubis_hybrid;high_quality_tissue;PRJNA755322;SAMN20814910;;Vilgalys
AMB_080;Amboseli;yellow_anubis_hybrid;high_quality_tissue;PRJNA755322;SAMN20815111;;Vilgalys
AMB_081;Amboseli;yellow_anubis_hybrid;high_quality_tissue;PRJNA755322;SAMN20815297;;Vilgalys
AMB_082;Amboseli;yellow_anubis_hybrid;high_quality_tissue;PRJNA755322;SAMN20815303;;Vilgalys
AMB_083;Amboseli;yellow_anubis_hybrid;high_quality_tissue;PRJNA755322;SAMN20815161;;Vilgalys
AMB_084;Amboseli;yellow_anubis_hybrid;high_quality_tissue;PRJNA755322;SAMN20815101;;Vilgalys
AMB_085;Amboseli;yellow_anubis_hybrid;high_quality_tissue;PRJNA755322;SAMN20815183;;Vilgalys
AMB_086;Amboseli;yellow_anubis_hybrid;high_quality_tissue;PRJNA755322;SAMN20815172;;Vilgalys
AMB_087;Amboseli;yellow_anubis_hybrid;high_quality_tissue;PRJNA755322;SAMN20815095;;Vilgalys
AMB_088;Amboseli;yellow_anubis_hybrid;high_quality_tissue;PRJNA755322;SAMN20815314;;Vilgalys
AMB_089;Amboseli;yellow_anubis_hybrid;high_quality_tissue;PRJNA755322;SAMN20815105;;Vilgalys
AMB_090;Amboseli;yellow_anubis_hybrid;high_quality_tissue;PRJNA755322;SAMN20815142;;Vilgalys
AMB_091;Amboseli;yellow_anubis_hybrid;high_quality_tissue;PRJNA755322;SAMN20814971;;Vilgalys
AMB_092;Amboseli;yellow_anubis_hybrid;high_quality_tissue;PRJNA755322;SAMN20814913;;Vilgalys
AMB_093;Amboseli;yellow_anubis_hybrid;high_quality_tissue;PRJNA755322;SAMN20815152;;Vilgalys
AMB_094;Amboseli;yellow_anubis_hybrid;high_quality_tissue;PRJNA755322;SAMN20814978;;Vilgalys
AMB_095;Amboseli;yellow_anubis_hybrid;high_quality_tissue;PRJNA755322;SAMN20814968;;Vilgalys
AMB_096;Amboseli;yellow_anubis_hybrid;high_quality_tissue;PRJNA755322;SAMN20815243;;Vilgalys
AMB_097;Amboseli;yellow_anubis_hybrid;high_quality_tissue;PRJNA755322;SAMN20815282;;Vilgalys
AMB_098;Amboseli;yellow_anubis_hybrid;high_quality_tissue;PRJNA755322;SAMN20815201;;Vilgalys
AMB_099;Amboseli;yellow_anubis_hybrid;high_quality_tissue;PRJNA755322;SAMN20815277;;Vilgalys
AMB_100;Amboseli;yellow_anubis_hybrid;high_quality_tissue;PRJNA755322;SAMN20815148;;Vilgalys
AMB_101;Amboseli;yellow_anubis_hybrid;high_quality_tissue;PRJNA755322;SAMN20815158;;Vilgalys
AMB_102;Amboseli;yellow_anubis_hybrid;high_quality_tissue;PRJNA755322;SAMN20815154;;Vilgalys
AMB_103;Amboseli;yellow_anubis_hybrid;high_quality_tissue;PRJNA755322;SAMN20815179;;Vilgalys
AMB_104;Amboseli;yellow_anubis_hybrid;high_quality_tissue;PRJNA755322;SAMN20815113;;Vilgalys
AMB_105;Amboseli;yellow_anubis_hybrid;high_quality_tissue;PRJNA755322;SAMN20815125;;Vilgalys
AMB_106;Amboseli;yellow_anubis_hybrid;high_quality_tissue;PRJNA755322;SAMN20815169;;Vilgalys
AMB_107;Amboseli;yellow_anubis_hybrid;high_quality_tissue;PRJNA755322;SAMN20815088;;Vilgalys
AMB_108;Amboseli;yellow_anubis_hybrid;high_quality_tissue;PRJNA755322;SAMN20815240;;Vilgalys
AMB_109;Amboseli;yellow_anubis_hybrid;high_quality_tissue;PRJNA755322;SAMN20815326;;Vilgalys
AMB_110;Amboseli;yellow_anubis_hybrid;high_quality_tissue;PRJNA755322;SAMN20815134;;Vilgalys
AMB_111;Amboseli;yellow_anubis_hybrid;high_quality_tissue;PRJNA755322;SAMN20815094;;Vilgalys
AMB_112;Amboseli;yellow_anubis_hybrid;high_quality_tissue;PRJNA755322;SAMN20815174;;Vilgalys
AMB_113;Amboseli;yellow_anubis_hybrid;high_quality_tissue;PRJNA755322;SAMN20815254;;Vilgalys
AMB_114;Amboseli;yellow_anubis_hybrid;high_quality_tissue;PRJNA755322;SAMN20814952;;Vilgalys
AMB_115;Amboseli;yellow_anubis_hybrid;high_quality_tissue;PRJNA755322;SAMN20815032;;Vilgalys
AMB_116;Amboseli;yellow_anubis_hybrid;high_quality_tissue;PRJNA755322;SAMN20815209;;Vilgalys
AMB_117;Amboseli;yellow_anubis_hybrid;high_quality_tissue;PRJNA755322;SAMN20814987;;Vilgalys
AMB_118;Amboseli;yellow_anubis_hybrid;high_quality_tissue;PRJNA755322;SAMN20815211;;Vilgalys
AMB_119;Amboseli;yellow_anubis_hybrid;high_quality_tissue;PRJNA755322;SAMN20815049;;Vilgalys
AMB_120;Amboseli;yellow_anubis_hybrid;high_quality_tissue;PRJNA755322;SAMN20815289;;Vilgalys
AMB_121;Amboseli;yellow_anubis_hybrid;high_quality_tissue;PRJNA755322;SAMN20815084;;Vilgalys
AMB_122;Amboseli;yellow_anubis_hybrid;high_quality_tissue;PRJNA755322;SAMN20814997;;Vilgalys
AMB_123;Amboseli;yellow_anubis_hybrid;high_quality_tissue;PRJNA755322;SAMN20815309;;Vilgalys
AMB_124;Amboseli;yellow_anubis_hybrid;high_quality_tissue;PRJNA755322;SAMN20815315;;Vilgalys
AMB_125;Amboseli;yellow_anubis_hybrid;high_quality_tissue;PRJNA755322;SAMN20814939;;Vilgalys
AMB_126;Amboseli;yellow_anubis_hybrid;high_quality_tissue;PRJNA755322;SAMN20815296;;Vilgalys
AMB_127;Amboseli;yellow_anubis_hybrid;high_quality_tissue;PRJNA755322;SAMN20815115;;Vilgalys
AMB_128;Amboseli;yellow_anubis_hybrid;high_quality_tissue;PRJNA755322;SAMN20814993;;Vilgalys
AMB_129;Amboseli;yellow_anubis_hybrid;high_quality_tissue;PRJNA755322;SAMN20815065;;Vilgalys
AMB_130;Amboseli;yellow_anubis_hybrid;high_quality_tissue;PRJNA755322;SAMN20815010;;Vilgalys
AMB_131;Amboseli;yellow_anubis_hybrid;high_quality_tissue;PRJNA755322;SAMN20815060;;Vilgalys
AMB_132;Amboseli;yellow_anubis_hybrid;high_quality_tissue;PRJNA755322;SAMN20815000;;Vilgalys
AMB_133;Amboseli;yellow_anubis_hybrid;high_quality_tissue;PRJNA755322;SAMN20815011;;Vilgalys
AMB_134;Amboseli;yellow_anubis_hybrid;high_quality_tissue;PRJNA755322;SAMN20815216;;Vilgalys
AMB_135;Amboseli;yellow_anubis_hybrid;high_quality_tissue;PRJNA755322;SAMN20814970;;Vilgalys
AMB_136;Amboseli;yellow_anubis_hybrid;high_quality_tissue;PRJNA755322;SAMN20814999;;Vilgalys
AMB_137;Amboseli;yellow_anubis_hybrid;high_quality_tissue;PRJNA755322;SAMN20815294;;Vilgalys
AMB_138;Amboseli;yellow_anubis_hybrid;high_quality_tissue;PRJNA755322;SAMN20814948;;Vilgalys
AMB_139;Amboseli;yellow_anubis_hybrid;high_quality_tissue;PRJNA755322;SAMN20815020;;Vilgalys
AMB_140;Amboseli;yellow_anubis_hybrid;high_quality_tissue;PRJNA755322;SAMN20815202;;Vilgalys
AMB_141;Amboseli;yellow_anubis_hybrid;high_quality_tissue;PRJNA755322;SAMN20815233;;Vilgalys
AMB_142;Amboseli;yellow_anubis_hybrid;high_quality_tissue;PRJNA755322;SAMN20815273;;Vilgalys
AMB_143;Amboseli;yellow_anubis_hybrid;high_quality_tissue;PRJNA755322;SAMN20815129;;Vilgalys
AMB_144;Amboseli;yellow_anubis_hybrid;high_quality_tissue;PRJNA755322;SAMN20815086;;Vilgalys
AMB_145;Amboseli;yellow_anubis_hybrid;high_quality_tissue;PRJNA755322;SAMN20814967;;Vilgalys
AMB_146;Amboseli;yellow_anubis_hybrid;high_quality_tissue;PRJNA755322;SAMN20815258;;Vilgalys
AMB_147;Amboseli;yellow_anubis_hybrid;high_quality_tissue;PRJNA755322;SAMN20814988;;Vilgalys
AMB_148;Amboseli;yellow_anubis_hybrid;high_quality_tissue;PRJNA755322;SAMN20815234;;Vilgalys
AMB_149;Amboseli;yellow_anubis_hybrid;high_quality_tissue;PRJNA755322;SAMN20814984;;Vilgalys
AMB_150;Amboseli;yellow_anubis_hybrid;high_quality_tissue;PRJNA755322;SAMN20815058;;Vilgalys
AMB_151;Amboseli;yellow_anubis_hybrid;high_quality_tissue;PRJNA755322;SAMN20815274;;Vilgalys
AMB_152;Amboseli;yellow_anubis_hybrid;high_quality_tissue;PRJNA755322;SAMN20815066;;Vilgalys
AMB_153;Amboseli;yellow_anubis_hybrid;high_quality_tissue;PRJNA755322;SAMN20814982;;Vilgalys
AMB_154;Amboseli;yellow_anubis_hybrid;high_quality_tissue;PRJNA755322;SAMN20815288;;Vilgalys
AMB_155;Amboseli;yellow_anubis_hybrid;high_quality_tissue;PRJNA755322;SAMN20815118;;Vilgalys
AMB_156;Amboseli;yellow_anubis_hybrid;high_quality_tissue;PRJNA755322;SAMN20815264;;Vilgalys
AMB_157;Amboseli;yellow_anubis_hybrid;high_quality_tissue;PRJNA755322;SAMN20815012;;Vilgalys
AMB_158;Amboseli;yellow_anubis_hybrid;high_quality_tissue;PRJNA755322;SAMN20815176;;Vilgalys
AMB_159;Amboseli;yellow_anubis_hybrid;high_quality_tissue;PRJNA755322;SAMN20815187;;Vilgalys
AMB_160;Amboseli;yellow_anubis_hybrid;high_quality_tissue;PRJNA755322;SAMN20815126;;Vilgalys
AMB_161;Amboseli;yellow_anubis_hybrid;high_quality_tissue;PRJNA755322;SAMN20815184;;Vilgalys
AMB_162;Amboseli;yellow_anubis_hybrid;high_quality_tissue;PRJNA755322;SAMN20815320;;Vilgalys
AMB_163;Amboseli;yellow_anubis_hybrid;high_quality_tissue;PRJNA755322;SAMN20814991;;Vilgalys
AMB_164;Amboseli;yellow_anubis_hybrid;high_quality_tissue;PRJNA755322;SAMN20814981;;Vilgalys
AMB_165;Amboseli;yellow_anubis_hybrid;high_quality_tissue;PRJNA755322;SAMN20815124;;Vilgalys
AMB_166;Amboseli;yellow_anubis_hybrid;high_quality_tissue;PRJNA755322;SAMN20815213;;Vilgalys
AMB_167;Amboseli;yellow_anubis_hybrid;high_quality_tissue;PRJNA755322;SAMN20815007;;Vilgalys
AMB_168;Amboseli;yellow_anubis_hybrid;high_quality_tissue;PRJNA755322;SAMN20815266;;Vilgalys
AMB_169;Amboseli;yellow_anubis_hybrid;high_quality_tissue;PRJNA755322;SAMN20814983;;Vilgalys
AMB_170;Amboseli;yellow_anubis_hybrid;high_quality_tissue;PRJNA755322;SAMN20815145;;Vilgalys
AMB_171;Amboseli;yellow_anubis_hybrid;high_quality_tissue;PRJNA755322;SAMN20815238;;Vilgalys
AMB_172;Amboseli;yellow_anubis_hybrid;high_quality_tissue;PRJNA755322;SAMN20814998;;Vilgalys
AMB_173;Amboseli;yellow_anubis_hybrid;high_quality_tissue;PRJNA755322;SAMN20815122;;Vilgalys
AMB_174;Amboseli;yellow_anubis_hybrid;high_quality_tissue;PRJNA755322;SAMN20815203;;Vilgalys
AMB_175;Amboseli;yellow_anubis_hybrid;high_quality_tissue;PRJNA755322;SAMN20815121;;Vilgalys
AMB_176;Amboseli;yellow_anubis_hybrid;high_quality_tissue;PRJNA755322;SAMN20815087;;Vilgalys
AMB_177;Amboseli;yellow_anubis_hybrid;high_quality_tissue;PRJNA755322;SAMN20815163;;Vilgalys
AMB_178;Amboseli;yellow_anubis_hybrid;high_quality_tissue;PRJNA755322;SAMN20815278;;Vilgalys
AMB_179;Amboseli;yellow_anubis_hybrid;high_quality_tissue;PRJNA755322;SAMN20815244;;Vilgalys
AMB_180;Amboseli;yellow_anubis_hybrid;high_quality_tissue;PRJNA755322;SAMN20815018;;Vilgalys
AMB_181;Amboseli;yellow_anubis_hybrid;high_quality_tissue;PRJNA755322;SAMN20815167;;Vilgalys
AMB_182;Amboseli;yellow_anubis_hybrid;high_quality_tissue;PRJNA755322;SAMN20814992;;Vilgalys
AMB_183;Amboseli;yellow_anubis_hybrid;high_quality_tissue;PRJNA755322;SAMN20815156;;Vilgalys
AMB_184;Amboseli;yellow_anubis_hybrid;high_quality_tissue;PRJNA755322;SAMN20815114;;Vilgalys
AMB_185;Amboseli;yellow_anubis_hybrid;high_quality_tissue;PRJNA755322;SAMN20815014;;Vilgalys
AMB_186;Amboseli;yellow_anubis_hybrid;high_quality_tissue;PRJNA755322;SAMN20815073;;Vilgalys
AMB_187;Amboseli;yellow_anubis_hybrid;high_quality_tissue;PRJNA755322;SAMN20815100;;Vilgalys
AMB_188;Amboseli;yellow_anubis_hybrid;high_quality_tissue;PRJNA755322;SAMN20815098;;Vilgalys
AMB_189;Amboseli;yellow_anubis_hybrid;high_quality_tissue;PRJNA755322;SAMN20815235;;Vilgalys
AMB_190;Amboseli;yellow_anubis_hybrid;high_quality_tissue;PRJNA755322;SAMN20815108;;Vilgalys
AMB_191;Amboseli;yellow_anubis_hybrid;high_quality_tissue;PRJNA755322;SAMN20815081;;Vilgalys
AMB_192;Amboseli;yellow_anubis_hybrid;high_quality_tissue;PRJNA755322;SAMN20815276;;Vilgalys
AMB_193;Amboseli;yellow_anubis_hybrid;high_quality_tissue;PRJNA755322;SAMN20814958;;Vilgalys
AMB_194;Amboseli;yellow_anubis_hybrid;high_quality_tissue;PRJNA755322;SAMN20815041;;Vilgalys
AMB_195;Amboseli;yellow_anubis_hybrid;high_quality_tissue;PRJNA755322;SAMN20815286;;Vilgalys
AMB_196;Amboseli;yellow_anubis_hybrid;high_quality_tissue;PRJNA755322;SAMN20815204;;Vilgalys
AMB_197;Amboseli;yellow_anubis_hybrid;high_quality_tissue;PRJNA755322;SAMN20815135;;Vilgalys
AMB_198;Amboseli;yellow_anubis_hybrid;high_quality_tissue;PRJNA755322;SAMN20815120;;Vilgalys
AMB_199;Amboseli;yellow_anubis_hybrid;high_quality_tissue;PRJNA755322;SAMN20814931;;Vilgalys
AMB_200;Amboseli;yellow_anubis_hybrid;high_quality_tissue;PRJNA755322;SAMN20815250;;Vilgalys
AMB_201;Amboseli;yellow_anubis_hybrid;high_quality_tissue;PRJNA755322;SAMN20814916;;Vilgalys
AMB_202;Amboseli;yellow_anubis_hybrid;high_quality_tissue;PRJNA755322;SAMN20815283;;Vilgalys
AMB_203;Amboseli;yellow_anubis_hybrid;high_quality_tissue;PRJNA755322;SAMN20814951;;Vilgalys
AMB_204;Amboseli;yellow_anubis_hybrid;high_quality_tissue;PRJNA755322;SAMN20815260;;Vilgalys
AMB_205;Amboseli;yellow_anubis_hybrid;high_quality_tissue;PRJNA755322;SAMN20814960;;Vilgalys
AMB_206;Amboseli;yellow_anubis_hybrid;high_quality_tissue;PRJNA755322;SAMN20815097;;Vilgalys
AMB_207;Amboseli;yellow_anubis_hybrid;high_quality_tissue;PRJNA755322;SAMN20815023;;Vilgalys
AMB_208;Amboseli;yellow_anubis_hybrid;high_quality_tissue;PRJNA755322;SAMN20815175;;Vilgalys
AMB_209;Amboseli;yellow_anubis_hybrid;high_quality_tissue;PRJNA755322;SAMN20815160;;Vilgalys
AMB_210;Amboseli;yellow_anubis_hybrid;high_quality_tissue;PRJNA755322;SAMN20815103;;Vilgalys
AMB_211;Amboseli;yellow_anubis_hybrid;high_quality_tissue;PRJNA755322;SAMN20815217;;Vilgalys
AMB_212;Amboseli;yellow_anubis_hybrid;high_quality_tissue;PRJNA755322;SAMN20815321;;Vilgalys
AMB_213;Amboseli;yellow_anubis_hybrid;high_quality_tissue;PRJNA755322;SAMN20815226;;Vilgalys
AMB_214;Amboseli;yellow_anubis_hybrid;high_quality_tissue;PRJNA755322;SAMN20815299;;Vilgalys
AMB_215;Amboseli;yellow_anubis_hybrid;high_quality_tissue;PRJNA755322;SAMN20814924;;Vilgalys
AMB_216;Amboseli;yellow_anubis_hybrid;high_quality_tissue;PRJNA755322;SAMN20815177;;Vilgalys
AMB_217;Amboseli;yellow_anubis_hybrid;high_quality_tissue;PRJNA755322;SAMN20814935;;Vilgalys
AMB_218;Amboseli;yellow_anubis_hybrid;high_quality_tissue;PRJNA755322;SAMN20815015;;Vilgalys
AMB_219;Amboseli;yellow_anubis_hybrid;high_quality_tissue;PRJNA755322;SAMN20815071;;Vilgalys
AMB_220;Amboseli;yellow_anubis_hybrid;high_quality_tissue;PRJNA755322;SAMN20815112;;Vilgalys
AMB_221;Amboseli;yellow_anubis_hybrid;high_quality_tissue;PRJNA755322;SAMN20814979;;Vilgalys
AMB_222;Amboseli;yellow_anubis_hybrid;high_quality_tissue;PRJNA755322;SAMN20815083;;Vilgalys
AMB_223;Amboseli;yellow_anubis_hybrid;high_quality_tissue;PRJNA755322;SAMN20814943;;Vilgalys
AMB_224;Amboseli;yellow_anubis_hybrid;high_quality_tissue;PRJNA755322;SAMN20815075;;Vilgalys
AMB_225;Amboseli;yellow_anubis_hybrid;high_quality_tissue;PRJNA755322;SAMN20815107;;Vilgalys
AMB_226;Amboseli;yellow_anubis_hybrid;high_quality_tissue;PRJNA755322;SAMN20815256;;Vilgalys
AMB_227;Amboseli;yellow_anubis_hybrid;high_quality_tissue;PRJNA755322;SAMN20815305;;Vilgalys
AMB_228;Amboseli;yellow_anubis_hybrid;high_quality_tissue;PRJNA755322;SAMN20814926;;Vilgalys
AMB_229;Amboseli;yellow_anubis_hybrid;high_quality_tissue;PRJNA755322;SAMN20815077;;Vilgalys
AMB_230;Amboseli;yellow_anubis_hybrid;high_quality_tissue;PRJNA755322;SAMN20815311;;Vilgalys
AMB_231;Amboseli;yellow_anubis_hybrid;high_quality_tissue;PRJNA755322;SAMN20814944;;Vilgalys
AMB_232;Amboseli;yellow_anubis_hybrid;high_quality_tissue;PRJNA755322;SAMN20815153;;Vilgalys
AMB_233;Amboseli;yellow_anubis_hybrid;high_quality_tissue;PRJNA755322;SAMN20815002;;Vilgalys
AMB_234;Amboseli;yellow_anubis_hybrid;high_quality_tissue;PRJNA755322;SAMN20815246;;Vilgalys
AMB_235;Amboseli;yellow_anubis_hybrid;high_quality_tissue;PRJNA755322;SAMN20815048;;Vilgalys
AMB_236;Amboseli;yellow_anubis_hybrid;high_quality_tissue;PRJNA755322;SAMN20815281;;Vilgalys
AMB_237;Amboseli;yellow_anubis_hybrid;high_quality_tissue;PRJNA755322;SAMN20815300;;Vilgalys
AMB_238;Amboseli;yellow_anubis_hybrid;high_quality_tissue;PRJNA755322;SAMN20814917;;Vilgalys
AMB_239;Amboseli;yellow_anubis_hybrid;high_quality_tissue;PRJNA755322;SAMN20815312;;Vilgalys
AMB_240;Amboseli;yellow_anubis_hybrid;high_quality_tissue;PRJNA755322;SAMN20815287;;Vilgalys
AMB_241;Amboseli;yellow_anubis_hybrid;high_quality_tissue;PRJNA755322;SAMN20815059;;Vilgalys
AMB_242;Amboseli;yellow_anubis_hybrid;high_quality_tissue;PRJNA755322;SAMN20815090;;Vilgalys
AMB_243;Amboseli;yellow_anubis_hybrid;high_quality_tissue;PRJNA755322;SAMN20815036;;Vilgalys
AMB_244;Amboseli;yellow_anubis_hybrid;high_quality_tissue;PRJNA755322;SAMN20815136;;Vilgalys
AMB_245;Amboseli;yellow_anubis_hybrid;high_quality_tissue;PRJNA755322;SAMN20815275;;Vilgalys
AMB_246;Amboseli;yellow_anubis_hybrid;high_quality_tissue;PRJNA755322;SAMN20814954;;Vilgalys
AMB_247;Amboseli;yellow_anubis_hybrid;high_quality_tissue;PRJNA755322;SAMN20815318;;Vilgalys
AMB_248;Amboseli;yellow_anubis_hybrid;high_quality_tissue;PRJNA755322;SAMN20815316;;Vilgalys
AMB_249;Amboseli;yellow_anubis_hybrid;high_quality_tissue;PRJNA755322;SAMN20815319;;Vilgalys
AMB_250;Amboseli;yellow_anubis_hybrid;high_quality_tissue;PRJNA755322;SAMN20815104;;Vilgalys
AMB_251;Amboseli;yellow_anubis_hybrid;high_quality_tissue;PRJNA755322;SAMN20815224;;Vilgalys
AMB_252;Amboseli;yellow_anubis_hybrid;high_quality_tissue;PRJNA755322;SAMN20815091;;Vilgalys
AMB_253;Amboseli;yellow_anubis_hybrid;high_quality_tissue;PRJNA755322;SAMN20815093;;Vilgalys
AMB_254;Amboseli;yellow_anubis_hybrid;high_quality_tissue;PRJNA755322;SAMN20815078;;Vilgalys
AMB_255;Amboseli;yellow_anubis_hybrid;high_quality_tissue;PRJNA755322;SAMN20815031;;Vilgalys
AMB_256;Amboseli;yellow_anubis_hybrid;high_quality_tissue;PRJNA755322;SAMN20815143;;Vilgalys
AMB_257;Amboseli;yellow_anubis_hybrid;high_quality_tissue;PRJNA755322;SAMN20815070;;Vilgalys
AMB_258;Amboseli;yellow_anubis_hybrid;high_quality_tissue;PRJNA755322;SAMN20814996;;Vilgalys
AMB_259;Amboseli;yellow_anubis_hybrid;high_quality_tissue;PRJNA755322;SAMN20814989;;Vilgalys
AMB_260;Amboseli;yellow_anubis_hybrid;high_quality_tissue;PRJNA755322;SAMN20815022;;Vilgalys
AMB_261;Amboseli;yellow_anubis_hybrid;high_quality_tissue;PRJNA755322;SAMN20815019;;Vilgalys
AMB_262;Amboseli;yellow_anubis_hybrid;high_quality_tissue;PRJNA755322;SAMN20814969;;Vilgalys
AMB_263;Amboseli;yellow_anubis_hybrid;high_quality_tissue;PRJNA755322;SAMN20815241;;Vilgalys
AMB_264;Amboseli;yellow_anubis_hybrid;high_quality_tissue;PRJNA755322;SAMN20815133;;Vilgalys
AMB_265;Amboseli;yellow_anubis_hybrid;high_quality_tissue;PRJNA755322;SAMN20814990;;Vilgalys
AMB_266;Amboseli;yellow_anubis_hybrid;high_quality_tissue;PRJNA755322;SAMN20815033;;Vilgalys
AMB_267;Amboseli;yellow_anubis_hybrid;high_quality_tissue;PRJNA755322;SAMN20815147;;Vilgalys
AMB_268;Amboseli;yellow_anubis_hybrid;high_quality_tissue;PRJNA755322;SAMN20815194;;Vilgalys
AMB_269;Amboseli;yellow_anubis_hybrid;high_quality_tissue;PRJNA755322;SAMN20815123;;Vilgalys
AMB_270;Amboseli;yellow_anubis_hybrid;high_quality_tissue;PRJNA755322;SAMN20815130;;Vilgalys
AMB_271;Amboseli;yellow_anubis_hybrid;high_quality_tissue;PRJNA755322;SAMN20814961;;Vilgalys
AMB_272;Amboseli;yellow_anubis_hybrid;high_quality_tissue;PRJNA755322;SAMN20815144;;Vilgalys
AMB_273;Amboseli;yellow_anubis_hybrid;high_quality_tissue;PRJNA755322;SAMN20814956;;Vilgalys
AMB_274;Amboseli;yellow_anubis_hybrid;high_quality_tissue;PRJNA755322;SAMN20815293;;Vilgalys
AMB_275;Amboseli;yellow_anubis_hybrid;high_quality_tissue;PRJNA755322;SAMN20815044;;Vilgalys
AMB_276;Amboseli;yellow_anubis_hybrid;high_quality_tissue;PRJNA755322;SAMN20815096;;Vilgalys
AMB_277;Amboseli;yellow_anubis_hybrid;high_quality_tissue;PRJNA755322;SAMN20815102;;Vilgalys
AMB_278;Amboseli;yellow_anubis_hybrid;high_quality_tissue;PRJNA755322;SAMN20815079;;Vilgalys
AMB_279;Amboseli;yellow_anubis_hybrid;high_quality_tissue;PRJNA755322;SAMN20814965;;Vilgalys
AMB_280;Amboseli;yellow_anubis_hybrid;high_quality_tissue;PRJNA755322;SAMN20815040;;Vilgalys
AMB_281;Amboseli;yellow_anubis_hybrid;high_quality_tissue;PRJNA755322;SAMN20814938;;Vilgalys
AMB_282;Amboseli;yellow_anubis_hybrid;high_quality_tissue;PRJNA755322;SAMN20815025;;Vilgalys
AMB_283;Amboseli;yellow_anubis_hybrid;high_quality_tissue;PRJNA755322;SAMN20814921;;Vilgalys
AMB_284;Amboseli;yellow_anubis_hybrid;high_quality_tissue;PRJNA755322;SAMN20815247;;Vilgalys
AMB_285;Amboseli;yellow_anubis_hybrid;high_quality_tissue;PRJNA755322;SAMN20815168;;Vilgalys
AMB_286;Amboseli;yellow_anubis_hybrid;high_quality_tissue;PRJNA755322;SAMN20814923;;Vilgalys
AMB_287;Amboseli;yellow_anubis_hybrid;high_quality_tissue;PRJNA755322;SAMN20814914;;Vilgalys
AMB_288;Amboseli;yellow_anubis_hybrid;high_quality_tissue;PRJNA755322;SAMN20815237;;Vilgalys
AMB_289;Amboseli;yellow_anubis_hybrid;high_quality_tissue;PRJNA308870;SRR3151893;;Wall
AMB_290;Amboseli;yellow_anubis_hybrid;high_quality_tissue;PRJNA308870;SRR3151894;;Wall
AMB_291;Amboseli;yellow_anubis_hybrid;high_quality_tissue;PRJNA308870;SRR3151895;;Wall
AMB_292;Amboseli;yellow_anubis_hybrid;high_quality_tissue;PRJNA308870;SRR3151897;;Wall
AMB_293;Amboseli;yellow_anubis_hybrid;high_quality_tissue;PRJNA308870;SRR3151896;;Wall
AMB_294;Amboseli;yellow_anubis_hybrid;high_quality_tissue;PRJNA308870;SRR3151898;;Wall
AMB_295;Amboseli;yellow_anubis_hybrid;high_quality_tissue;PRJNA308870;SRR3151899;;Wall
AMB_296;Amboseli;yellow_anubis_hybrid;high_quality_tissue;PRJNA308870;SRR3151900;;Wall
AMB_297;Amboseli;yellow_anubis_hybrid;high_quality_tissue;PRJNA308870;SRR3151901;;Wall
AMB_298;Amboseli;yellow_anubis_hybrid;high_quality_tissue;PRJNA308870;SRR3151902;;Wall
AMB_299;Amboseli;yellow_anubis_hybrid;high_quality_tissue;PRJNA308870;SRR3151903;;Wall
AMB_300;Amboseli;yellow_anubis_hybrid;high_quality_tissue;PRJNA308870;SRR3151905;;Wall
AMB_301;Amboseli;yellow_anubis_hybrid;high_quality_tissue;PRJNA755322;SAMN20814945;;Vilgalys
AMB_302;Amboseli;yellow_anubis_hybrid;high_quality_tissue;PRJNA308870;SRR3151907;;Wall
AMB_303;Amboseli;yellow_anubis_hybrid;high_quality_tissue;PRJNA308870;SRR3151908;;Wall
AMB_304;Amboseli;yellow_anubis_hybrid;high_quality_tissue;PRJNA308870;SRR3151909;;Wall
AMB_305;Amboseli;yellow_anubis_hybrid;high_quality_tissue;PRJNA308870;SRR3151910;;Wall
AMB_306;Amboseli;yellow_anubis_hybrid;high_quality_tissue;PRJNA308870;SRR3151911;;Wall
AMB_307;Amboseli;yellow_anubis_hybrid;high_quality_tissue;PRJNA308870;SRR3151912;;Wall
AMB_308;Amboseli;yellow_anubis_hybrid;high_quality_tissue;PRJNA308870;SRR3151913;;Wall
AMB_309;Amboseli;yellow_anubis_hybrid;high_quality_tissue;PRJNA308870;SRR3151914;;Wall
AMB_310;Amboseli;yellow_anubis_hybrid;high_quality_tissue;PRJNA295782;"SRR2565912; SRR2650000; SRR2650075";;Snyder
AMB_311;Amboseli;yellow_anubis_hybrid;high_quality_tissue;PRJNA295782;SRR2565914;;Snyder
AMB_312;Amboseli;yellow_anubis_hybrid;high_quality_tissue;PRJNA755322;SAMN20815227;;Vilgalys
AMB_313;Amboseli;yellow_anubis_hybrid;high_quality_tissue;PRJNA755322;SAMN20815325;;Vilgalys
AMB_314;Amboseli;yellow_anubis_hybrid;high_quality_tissue;PRJNA755322;SAMN20815322;;Vilgalys
AMB_315;Amboseli;yellow_anubis_hybrid;high_quality_tissue;PRJNA755322;SAMN20814919;;Vilgalys
AMB_316;Amboseli;yellow_anubis_hybrid;high_quality_tissue;PRJNA755322;SAMN20815324;;Vilgalys
AMB_317;Amboseli;yellow_anubis_hybrid;high_quality_tissue;PRJNA755322;SAMN20814949;;Vilgalys
AMB_318;Amboseli;yellow_anubis_hybrid;high_quality_tissue;PRJNA755322;SAMN20815323;;Vilgalys
AMB_319;Amboseli;yellow_anubis_hybrid;high_quality_tissue;PRJNA755322;SAMN20815085;;Vilgalys
AMB_320;Amboseli;yellow_anubis_hybrid;high_quality_tissue;PRJNA755322;SAMN20814976;;Vilgalys
AMB_321;Amboseli;yellow_anubis_hybrid;high_quality_tissue;PRJNA755322;SAMN20815063;;Vilgalys
AMB_322;Amboseli;yellow_anubis_hybrid;high_quality_tissue;PRJNA755322;SAMN20815291;;Vilgalys
AMB_323;Amboseli;yellow_anubis_hybrid;high_quality_tissue;PRJNA755322;SAMN20815021;;Vilgalys
AMB_324;Amboseli;yellow_anubis_hybrid;high_quality_tissue;PRJNA755322;SAMN20815245;;Vilgalys
AMB_325;Amboseli;yellow_anubis_hybrid;high_quality_tissue;PRJNA755322;SAMN20815304;;Vilgalys
AMB_326;Amboseli;yellow_anubis_hybrid;high_quality_tissue;PRJNA755322;SAMN20815110;;Vilgalys
AMB_327;Amboseli;yellow_anubis_hybrid;high_quality_tissue;PRJNA755322;SAMN20815061;;Vilgalys
AMB_328;Amboseli;yellow_anubis_hybrid;high_quality_tissue;PRJNA755322;SAMN20815301;;Vilgalys
AMB_329;Amboseli;yellow_anubis_hybrid;high_quality_tissue;PRJNA755322;SAMN20814937;;Vilgalys
AMB_330;Amboseli;yellow_anubis_hybrid;high_quality_tissue;PRJNA755322;SAMN20815082;;Vilgalys
AMB_331;Amboseli;yellow_anubis_hybrid;high_quality_tissue;PRJNA755322;SAMN20815295;;Vilgalys
AMB_332;Amboseli;yellow_anubis_hybrid;high_quality_tissue;PRJNA755322;SAMN20815196;;Vilgalys
AMB_333;Amboseli;yellow_anubis_hybrid;high_quality_tissue;PRJNA755322;SAMN20815005;;Vilgalys
AMB_334;Amboseli;yellow_anubis_hybrid;high_quality_tissue;PRJNA755322;SAMN20815166;;Vilgalys
AMB_335;Amboseli;yellow_anubis_hybrid;high_quality_tissue;PRJNA755322;SAMN20815173;;Vilgalys
AMB_336;Amboseli;yellow_anubis_hybrid;high_quality_tissue;PRJNA755322;SAMN20815008;;Vilgalys
AMB_337;Amboseli;yellow_anubis_hybrid;high_quality_tissue;PRJNA755322;SAMN20815230;;Vilgalys
AMB_338;Amboseli;yellow_anubis_hybrid;high_quality_tissue;PRJNA755322;SAMN20815042;;Vilgalys
AMB_339;Amboseli;yellow_anubis_hybrid;high_quality_tissue;PRJNA755322;SAMN20815285;;Vilgalys
AMB_340;Amboseli;yellow_anubis_hybrid;high_quality_tissue;PRJNA755322;SAMN20815249;;Vilgalys
AMB_341;Amboseli;yellow_anubis_hybrid;high_quality_tissue;PRJNA755322;SAMN20815280;;Vilgalys
AMB_342;Amboseli;yellow_anubis_hybrid;high_quality_tissue;PRJNA755322;SAMN20815052;;Vilgalys
AMB_343;Amboseli;yellow_anubis_hybrid;high_quality_tissue;PRJNA755322;SAMN20815272;;Vilgalys
AMB_344;Amboseli;yellow_anubis_hybrid;high_quality_tissue;PRJNA755322;SAMN20814963;;Vilgalys
AMB_345;Amboseli;yellow_anubis_hybrid;high_quality_tissue;PRJNA755322;SAMN20815182;;Vilgalys
AMB_346;Amboseli;yellow_anubis_hybrid;high_quality_tissue;PRJNA755322;SAMN20815308;;Vilgalys
AMB_347;Amboseli;yellow_anubis_hybrid;high_quality_tissue;PRJNA755322;SAMN20815178;;Vilgalys
AMB_348;Amboseli;yellow_anubis_hybrid;high_quality_tissue;PRJNA755322;SAMN20814942;;Vilgalys
AMB_349;Amboseli;yellow_anubis_hybrid;high_quality_tissue;PRJNA755322;SAMN20815228;;Vilgalys
AMB_350;Amboseli;yellow_anubis_hybrid;high_quality_tissue;PRJNA755322;SAMN20815039;;Vilgalys
AMB_351;Amboseli;yellow_anubis_hybrid;high_quality_tissue;PRJNA755322;SAMN20815140;;Vilgalys
AMB_352;Amboseli;yellow_anubis_hybrid;high_quality_tissue;PRJNA755322;SAMN20815092;;Vilgalys
AMB_353;Amboseli;yellow_anubis_hybrid;high_quality_tissue;PRJNA755322;SAMN20814947;;Vilgalys
AMB_354;Amboseli;yellow_anubis_hybrid;high_quality_tissue;PRJNA755322;SAMN20815192;;Vilgalys
AMB_355;Amboseli;yellow_anubis_hybrid;high_quality_tissue;PRJNA755322;SAMN20815188;;Vilgalys
AMB_356;Amboseli;yellow_anubis_hybrid;high_quality_tissue;PRJNA755322;SAMN20815046;;Vilgalys
AMB_357;Amboseli;yellow_anubis_hybrid;high_quality_tissue;PRJNA755322;SAMN20814915;;Vilgalys
AMB_358;Amboseli;yellow_anubis_hybrid;high_quality_tissue;PRJNA755322;SAMN20815028;;Vilgalys
AMB_359;Amboseli;yellow_anubis_hybrid;high_quality_tissue;PRJNA755322;SAMN20815210;;Vilgalys
AMB_360;Amboseli;yellow_anubis_hybrid;high_quality_tissue;PRJNA755322;SAMN20815292;;Vilgalys
AMB_361;Amboseli;yellow_anubis_hybrid;high_quality_tissue;PRJNA755322;SAMN20815171;;Vilgalys
AMB_362;Amboseli;yellow_anubis_hybrid;high_quality_tissue;PRJNA755322;SAMN20815284;;Vilgalys
AMB_363;Amboseli;yellow_anubis_hybrid;high_quality_tissue;PRJNA755322;SAMN20815261;;Vilgalys
AMB_364;Amboseli;yellow_anubis_hybrid;high_quality_tissue;PRJNA755322;SAMN20814936;;Vilgalys
AMB_365;Amboseli;yellow_anubis_hybrid;high_quality_tissue;PRJNA755322;SAMN20815229;;Vilgalys
AMB_366;Amboseli;yellow_anubis_hybrid;high_quality_tissue;PRJNA755322;SAMN20815271;;Vilgalys
AMB_367;Amboseli;yellow_anubis_hybrid;high_quality_tissue;PRJNA755322;SAMN20815185;;Vilgalys
AMB_368;Amboseli;yellow_anubis_hybrid;high_quality_tissue;PRJNA755322;SAMN20815149;;Vilgalys
AMB_369;Amboseli;yellow_anubis_hybrid;high_quality_tissue;PRJNA755322;SAMN20814973;;Vilgalys
AMB_370;Amboseli;yellow_anubis_hybrid;high_quality_tissue;PRJNA755322;SAMN20815128;;Vilgalys
AMB_371;Amboseli;yellow_anubis_hybrid;high_quality_tissue;PRJNA755322;SAMN20815214;;Vilgalys
AMB_372;Amboseli;yellow_anubis_hybrid;high_quality_tissue;PRJNA755322;SAMN20814974;;Vilgalys
AMB_373;Amboseli;yellow_anubis_hybrid;high_quality_tissue;PRJNA755322;SAMN20814927;;Vilgalys
AMB_374;Amboseli;yellow_anubis_hybrid;high_quality_tissue;PRJNA755322;SAMN20814946;;Vilgalys
AMB_375;Amboseli;yellow_anubis_hybrid;high_quality_tissue;PRJNA755322;SAMN20814995;;Vilgalys
AMB_376;Amboseli;yellow_anubis_hybrid;high_quality_tissue;PRJNA755322;SAMN20815068;;Vilgalys
AMB_377;Amboseli;yellow_anubis_hybrid;high_quality_tissue;PRJNA755322;SAMN20815221;;Vilgalys
AMB_378;Amboseli;yellow_anubis_hybrid;high_quality_tissue;PRJNA755322;SAMN20815270;;Vilgalys
AMB_379;Amboseli;yellow_anubis_hybrid;high_quality_tissue;PRJNA755322;SAMN20815242;;Vilgalys
AMB_380;Amboseli;yellow_anubis_hybrid;high_quality_tissue;PRJNA755322;SAMN20815236;;Vilgalys
AMB_381;Amboseli;yellow_anubis_hybrid;high_quality_tissue;PRJNA755322;SAMN20815220;;Vilgalys
AMB_382;Amboseli;yellow_anubis_hybrid;high_quality_tissue;PRJNA755322;SAMN20815298;;Vilgalys
AMB_383;Amboseli;yellow_anubis_hybrid;high_quality_tissue;PRJNA755322;SAMN20815198;;Vilgalys
AMB_384;Amboseli;yellow_anubis_hybrid;high_quality_tissue;PRJNA755322;SAMN20815016;;Vilgalys
AMB_385;Amboseli;yellow_anubis_hybrid;high_quality_tissue;PRJNA755322;SAMN20815159;;Vilgalys
AMB_386;Amboseli;yellow_anubis_hybrid;high_quality_tissue;PRJNA755322;SAMN20815218;;Vilgalys
AMB_387;Amboseli;yellow_anubis_hybrid;high_quality_tissue;PRJNA755322;SAMN20815317;;Vilgalys
AMB_388;Amboseli;yellow_anubis_hybrid;high_quality_tissue;PRJNA755322;SAMN20815067;;Vilgalys
AMB_389;Amboseli;yellow_anubis_hybrid;high_quality_tissue;PRJNA755322;SAMN20814940;;Vilgalys
AMB_390;Amboseli;yellow_anubis_hybrid;high_quality_tissue;PRJNA755322;SAMN20814928;;Vilgalys
AMB_391;Amboseli;yellow_anubis_hybrid;high_quality_tissue;PRJNA755322;SAMN20815006;;Vilgalys
AMB_392;Amboseli;yellow_anubis_hybrid;high_quality_tissue;PRJNA755322;SAMN20815248;;Vilgalys
AMB_393;Amboseli;yellow_anubis_hybrid;high_quality_tissue;PRJNA755322;SAMN20815219;;Vilgalys
AMB_394;Amboseli;yellow_anubis_hybrid;high_quality_tissue;PRJNA755322;SAMN20815257;;Vilgalys
AMB_395;Amboseli;yellow_anubis_hybrid;high_quality_tissue;PRJNA755322;SAMN20815139;;Vilgalys
AMB_396;Amboseli;yellow_anubis_hybrid;high_quality_tissue;PRJNA755322;SAMN20815255;;Vilgalys
AMB_397;Amboseli;yellow_anubis_hybrid;high_quality_tissue;PRJNA755322;SAMN20815004;;Vilgalys
AMB_398;Amboseli;yellow_anubis_hybrid;high_quality_tissue;PRJNA755322;SAMN20815119;;Vilgalys
AMB_399;Amboseli;yellow_anubis_hybrid;high_quality_tissue;PRJNA755322;SAMN20815190;;Vilgalys
AMB_400;Amboseli;yellow_anubis_hybrid;high_quality_tissue;PRJNA755322;SAMN20815222;;Vilgalys
AMB_401;Amboseli;yellow_anubis_hybrid;high_quality_tissue;PRJNA755322;SAMN20815030;;Vilgalys
AMB_402;Amboseli;yellow_anubis_hybrid;high_quality_tissue;PRJNA755322;SAMN20814918;;Vilgalys
AMB_403;Amboseli;yellow_anubis_hybrid;high_quality_tissue;PRJNA755322;SAMN20815064;;Vilgalys
AMB_404;Amboseli;yellow_anubis_hybrid;high_quality_tissue;PRJNA755322;SAMN20815223;;Vilgalys
AMB_405;Amboseli;yellow_anubis_hybrid;high_quality_tissue;PRJNA755322;SAMN20815055;;Vilgalys
AMB_406;Amboseli;yellow_anubis_hybrid;high_quality_tissue;PRJNA755322;SAMN20815191;;Vilgalys
AMB_407;Amboseli;yellow_anubis_hybrid;high_quality_tissue;PRJNA755322;SAMN20815252;;Vilgalys
AMB_408;Amboseli;yellow_anubis_hybrid;high_quality_tissue;PRJNA755322;SAMN20815141;;Vilgalys
AMB_409;Amboseli;yellow_anubis_hybrid;high_quality_tissue;PRJNA755322;SAMN20815127;;Vilgalys
AMB_410;Amboseli;yellow_anubis_hybrid;high_quality_tissue;PRJNA755322;SAMN20815037;;Vilgalys
AMB_411;Amboseli;yellow_anubis_hybrid;high_quality_tissue;PRJNA755322;SAMN20815074;;Vilgalys
AMB_412;Amboseli;yellow_anubis_hybrid;high_quality_tissue;PRJNA755322;SAMN20814957;;Vilgalys
AMB_413;Amboseli;yellow_anubis_hybrid;high_quality_tissue;PRJNA755322;SAMN20815089;;Vilgalys
AMB_414;Amboseli;yellow_anubis_hybrid;high_quality_tissue;PRJNA755322;SAMN20814950;;Vilgalys
AMB_415;Amboseli;yellow_anubis_hybrid;high_quality_tissue;PRJNA755322;SAMN20814929;;Vilgalys
AMB_416;Amboseli;yellow_anubis_hybrid;high_quality_tissue;PRJNA755322;SAMN20815212;;Vilgalys
AMB_417;Amboseli;yellow_anubis_hybrid;high_quality_tissue;PRJNA755322;SAMN20815232;;Vilgalys
AMB_418;Amboseli;yellow_anubis_hybrid;high_quality_tissue;PRJNA755322;SAMN20815116;;Vilgalys
AMB_419;Amboseli;yellow_anubis_hybrid;high_quality_tissue;PRJNA755322;SAMN20814986;;Vilgalys
AMB_420;Amboseli;yellow_anubis_hybrid;high_quality_tissue;PRJNA755322;SAMN20814975;;Vilgalys
AMB_421;Amboseli;yellow_anubis_hybrid;high_quality_tissue;PRJNA755322;SAMN20815259;;Vilgalys
AMB_422;Amboseli;yellow_anubis_hybrid;high_quality_tissue;PRJNA755322;SAMN20814959;;Vilgalys
AMB_423;Amboseli;yellow_anubis_hybrid;high_quality_tissue;PRJNA755322;SAMN20815150;;Vilgalys
AMB_424;Amboseli;yellow_anubis_hybrid;high_quality_tissue;PRJNA755322;SAMN20815262;;Vilgalys
AMB_425;Amboseli;yellow_anubis_hybrid;high_quality_tissue;PRJNA755322;SAMN20815146;;Vilgalys
AMB_426;Amboseli;yellow_anubis_hybrid;high_quality_tissue;PRJNA755322;SAMN20815099;;Vilgalys
AMB_427;Amboseli;yellow_anubis_hybrid;high_quality_tissue;PRJNA755322;SAMN20814955;;Vilgalys
AMB_428;Amboseli;yellow_anubis_hybrid;high_quality_tissue;PRJNA755322;SAMN20814933;;Vilgalys
AMB_429;Amboseli;yellow_anubis_hybrid;high_quality_tissue;PRJNA755322;SAMN20815195;;Vilgalys
AMB_430;Amboseli;yellow_anubis_hybrid;high_quality_tissue;PRJNA755322;SAMN20815215;;Vilgalys
AMB_431;Amboseli;yellow_anubis_hybrid;high_quality_tissue;PRJNA755322;SAMN20815170;;Vilgalys
AMB_432;Amboseli;yellow_anubis_hybrid;high_quality_tissue;PRJNA755322;SAMN20815038;;Vilgalys
AMB_433;Amboseli;yellow_anubis_hybrid;high_quality_tissue;PRJNA755322;SAMN20815137;;Vilgalys
AMB_434;Amboseli;yellow_anubis_hybrid;high_quality_tissue;PRJNA755322;SAMN20815165;;Vilgalys
AMB_435;Amboseli;yellow_anubis_hybrid;high_quality_tissue;PRJNA755322;SAMN20815263;;Vilgalys
AMB_436;Amboseli;yellow_anubis_hybrid;high_quality_tissue;PRJNA755322;SAMN20815106;;Vilgalys
AMB_437;Amboseli;yellow_anubis_hybrid;high_quality_tissue;PRJNA755322;SAMN20815132;;Vilgalys
AMB_438;Amboseli;yellow_anubis_hybrid;high_quality_tissue;PRJNA755322;SAMN20815157;;Vilgalys
AMB_439;Amboseli;yellow_anubis_hybrid;high_quality_tissue;PRJNA755322;SAMN20815164;;Vilgalys
AMB_440;Amboseli;yellow_anubis_hybrid;high_quality_tissue;PRJNA755322;SAMN20815200;;Vilgalys
AMB_441;Amboseli;yellow_anubis_hybrid;high_quality_tissue;PRJNA755322;SAMN20815162;;Vilgalys
AMB_442;Amboseli;yellow_anubis_hybrid;high_quality_tissue;PRJNA755322;SAMN20815131;;Vilgalys
MAS_001;Maasai_Mara;anubis;high_quality_tissue;PRJNA308870;SRR3151921;;Wall
MAS_002;Maasai_Mara;anubis;high_quality_tissue;PRJNA308870;SRR3151922;;Wall
MAS_003;Maasai_Mara;anubis;high_quality_tissue;PRJNA308870;SRR3151923;;Wall
MAS_004;Maasai_Mara;anubis;high_quality_tissue;PRJNA308870;SRR3151924;;Wall
MAS_005;Maasai_Mara;anubis;high_quality_tissue;PRJNA308870;SRR3151925;;Wall
MAS_006;Maasai_Mara;anubis;high_quality_tissue;PRJNA308870;SRR3151926;;Wall
MAS_007;Maasai_Mara;anubis;high_quality_tissue;PRJNA308870;SRR3151927;;Wall
MIK_001;Mikumi;yellow;high_quality_tissue;PRJNA308870;SRR3151928;;Wall
MIK_002;Mikumi;yellow;high_quality_tissue;PRJNA308870;SRR3151929;;Wall
MIK_003;Mikumi;yellow;high_quality_tissue;PRJNA308870;SRR3151930;;Wall
MIK_004;Mikumi;yellow;high_quality_tissue;PRJNA755322;SAMN20814897;;Vilgalys
MIK_005;Mikumi;yellow;high_quality_tissue;PRJNA755322;SAMN20814898;;Vilgalys
MIK_006;Mikumi;yellow;high_quality_tissue;PRJNA755322;SAMN20814899;;Vilgalys
MIK_007;Mikumi;yellow;high_quality_tissue;PRJNA755322;SAMN20814900;;Vilgalys
MIK_008;Mikumi;yellow;high_quality_tissue;PRJNA308870;SRR3151935;;Wall
MIK_009;Mikumi;yellow;high_quality_tissue;PRJNA755322;SAMN20814901;;Vilgalys
MIK_010;Mikumi;yellow;high_quality_tissue;PRJNA755322;SAMN20814902;;Vilgalys
MIK_011;Mikumi;yellow;high_quality_tissue;PRJNA755322;SAMN20814903;;Vilgalys
MIK_012;Mikumi;yellow;high_quality_tissue;PRJNA755322;SAMN20814904;;Vilgalys
MIK_013;Mikumi;yellow;high_quality_tissue;PRJNA755322;SAMN20814905;;Vilgalys
MIK_014;Mikumi;yellow;high_quality_tissue;PRJNA755322;SAMN20814906;;Vilgalys
WNP_001;WNPRC;anubis;high_quality_tissue;PRJNA308870;SRR3151915;;Wall
WNP_002;WNPRC;anubis;high_quality_tissue;PRJNA308870;SRR3151916;;Wall
WNP_003;WNPRC;anubis;high_quality_tissue;PRJNA308870;SRR3151917;;Wall
WNP_004;WNPRC;anubis;high_quality_tissue;PRJNA308870;SRR3151918;;Wall
WNP_005;WNPRC;anubis;high_quality_tissue;PRJNA308870;SRR3151919;;Wall
WNP_006;WNPRC;anubis;high_quality_tissue;PRJNA308870;SRR3151920;;Wall
1_1979;SNPRC_founder_anubis;anubis;high_quality_tissue;PRJNA433868;SRR8285766;;Robinson
1_3548;SNPRC_founder_yellow;yellow;high_quality_tissue;PRJNA433868;SRR8285731;;Robinson
1X0014;SNPRC_founder_anubis;anubis;high_quality_tissue;PRJNA433868;SRR8285765;;Robinson
1X0026;SNPRC_founder_anubis;anubis;high_quality_tissue;PRJNA433868;SRR8285721;;Robinson
1X0035;SNPRC_founder_anubis;anubis;high_quality_tissue;PRJNA433868;SRR8285748;;Robinson
1X0102;SNPRC_founder_yellow;yellow;high_quality_tissue;PRJNA433868;SRR8285751;;Robinson
1X0110;SNPRC_founder_yellow;yellow;high_quality_tissue;PRJNA433868;SRR8285726;;Robinson
1X0153;SNPRC_founder_anubis;anubis;high_quality_tissue;PRJNA433868;SRR8285749;;Robinson
1X0576;SNPRC_founder_anubis;anubis;high_quality_tissue;PRJNA433868;SRR8285730;;Robinson
1X0580;SNPRC_founder_anubis;anubis;high_quality_tissue;PRJNA433868;SRR8285763;;Robinson
1X0808;SNPRC_founder_anubis;anubis;high_quality_tissue;PRJNA433868;SRR8285767;;Robinson
1X0832;SNPRC_founder_anubis;anubis;high_quality_tissue;PRJNA433868;SRR8285722;;Robinson
1X0951;SNPRC_founder_anubis;anubis;high_quality_tissue;PRJNA433868;SRR8285764;;Robinson
1X1032;SNPRC_founder_anubis;anubis;high_quality_tissue;PRJNA433868;SRR8285723;;Robinson
1X1125;SNPRC_founder_anubis;anubis;high_quality_tissue;PRJNA433868;SRR8723580;;Robinson
1X1126;SNPRC_founder_anubis;anubis;high_quality_tissue;PRJNA433868;"SRR8285768; SRR8285734";;Robinson
1X1146;SNPRC_founder_anubis;anubis;high_quality_tissue;PRJNA433868;SRR8285724;;Robinson
1X1152;SNPRC_founder_anubis;anubis;high_quality_tissue;PRJNA433868;SRR8285735;;Robinson
1X1181;SNPRC_founder_anubis;anubis;high_quality_tissue;PRJNA433868;SRR8723583;;Robinson
1X1672;SNPRC_founder_anubis;anubis;high_quality_tissue;PRJNA433868;SRR8285720;;Robinson
1X1700;SNPRC_founder_anubis;anubis;high_quality_tissue;PRJNA433868;SRR8723582;;Robinson
1X1734;SNPRC_founder_yellow;yellow;high_quality_tissue;PRJNA433868;SRR8285733;;Robinson
1X1765;SNPRC_founder_anubis;anubis;high_quality_tissue;PRJNA433868;"SRR7639477; SRR7639464";;Robinson
1X1939;SNPRC_founder_anubis;anubis;high_quality_tissue;PRJNA433868;SRR8285736;;Robinson
1X1947;SNPRC_founder_anubis;anubis;high_quality_tissue;PRJNA433868;SRR8285725;;Robinson
1X2049;SNPRC_founder_yellow;yellow;high_quality_tissue;PRJNA433868;SRR8285729;;Robinson
1X2208;SNPRC_founder_yellow;yellow;high_quality_tissue;PRJNA433868;SRR8285732;;Robinson
1X2304;SNPRC_founder_yellow;yellow;high_quality_tissue;PRJNA433868;SRR8285728;;Robinson
1X2891;SNPRC_founder_anubis;anubis;high_quality_tissue;PRJNA433868;SRR8285754;;Robinson
1X3162;SNPRC_founder_anubis;anubis;high_quality_tissue;PRJNA433868;SRR8285753;;Robinson
1X3576;SNPRC_founder_anubis;anubis;high_quality_tissue;PRJNA433868;SRR8285727;;Robinson
30877;Aberdares;anubis;high_quality_tissue;PRJNA54005;"SRR1706223; SRR1706224; SRR1767312; SRR1648937; SRR1648938; SRR1648939; SRR1648940";;Rogers
30977;Aberdares;anubis;high_quality_tissue;PRJNA54005;"SRR1703318; SRR1754714; SRR1648316; SRR1648317";;Rogers
L142;SNPRC_nonfounder;Unknown;high_quality_tissue;PRJNA54005;"SRR1515159; SRR1515160; SRR1515161; SRR1515162; SRR1700527; SRR1700528";;Rogers
LIV5;SNPRC_nonfounder;Unknown;high_quality_tissue;PRJNA54005;"SRR1700532; SRR1700533; SRR1516196; SRR1516197; SRR1516198; SRR1516199";;Rogers
16066;Mikumi;yellow;high_quality_tissue;PRJNA54007;"SRR1513473; SRR1513474; SRR1513475; SRR1513476; SRR1513477; SRR1513478; SRR1513479";;Rogers
6716;SNPRC_nonfounder;yellow_anubis_hybrid;high_quality_tissue;PRJNA433868;SRR7624578;"species assignment is based on a priori status from colony records; may not match genomic ancestry designation";Rogers
7091;SNPRC_nonfounder;anubis;high_quality_tissue;PRJNA433869;SRR7588759;"species assignment is based on a priori status from colony records; may not match genomic ancestry designation";Rogers
7158;SNPRC_nonfounder;yellow_anubis_hybrid;high_quality_tissue;PRJNA433870;SRR7588766;"species assignment is based on a priori status from colony records; may not match genomic ancestry designation";Rogers
7937;SNPRC_nonfounder;yellow_anubis_hybrid;high_quality_tissue;PRJNA433871;SRR7624575;"species assignment is based on a priori status from colony records; may not match genomic ancestry designation";Rogers
8170;SNPRC_nonfounder;anubis;high_quality_tissue;PRJNA433872;SRR7624576;"species assignment is based on a priori status from colony records; may not match genomic ancestry designation";Rogers
8344;SNPRC_nonfounder;yellow_anubis_hybrid;high_quality_tissue;PRJNA433873;SRR7588765;"species assignment is based on a priori status from colony records; may not match genomic ancestry designation";Rogers
8465;SNPRC_nonfounder;Unknown;high_quality_tissue;PRJNA433874;SRR7588764;"species assignment is based on a priori status from colony records; may not match genomic ancestry designation";Rogers
8653;SNPRC_nonfounder;anubis;high_quality_tissue;PRJNA433875;SRR7588763;"species assignment is based on a priori status from colony records; may not match genomic ancestry designation";Rogers
8780;SNPRC_nonfounder;anubis;high_quality_tissue;PRJNA433876;SRR7624579;"species assignment is based on a priori status from colony records; may not match genomic ancestry designation";Rogers
9562;SNPRC_nonfounder;anubis;high_quality_tissue;PRJNA433877;SRR7624580;"species assignment is based on a priori status from colony records; may not match genomic ancestry designation";Rogers
9656;SNPRC_nonfounder;yellow_anubis_hybrid;high_quality_tissue;PRJNA433878;SRR7624592;"species assignment is based on a priori status from colony records; may not match genomic ancestry designation";Rogers
9841;SNPRC_nonfounder;anubis;high_quality_tissue;PRJNA433879;"SRR8723575; SRR8723574; SRR8723573; SRR8723572; SRR8723571; SRR8723570; SRR8723569; SRR8723568; SRR8723567";"species assignment is based on a priori status from colony records; may not match genomic ancestry designation";Rogers
9860;SNPRC_nonfounder;yellow_anubis_hybrid;high_quality_tissue;PRJNA433880;SRR7624591;"species assignment is based on a priori status from colony records; may not match genomic ancestry designation";Rogers
10173;SNPRC_nonfounder;anubis;high_quality_tissue;PRJNA433881;"SRR8723601; SRR8723600; SRR8723599; SRR8723598; SRR8723597; SRR8723596; SRR8723595; SRR8723594; SRR8723593; SRR8723592";"species assignment is based on a priori status from colony records; may not match genomic ancestry designation";Rogers
10192;SNPRC_nonfounder;Unknown;high_quality_tissue;PRJNA433882;SRR7624582;"species assignment is based on a priori status from colony records; may not match genomic ancestry designation";Rogers
10349;SNPRC_nonfounder;yellow_anubis_hybrid;high_quality_tissue;PRJNA433883;SRR7624581;"species assignment is based on a priori status from colony records; may not match genomic ancestry designation";Rogers
10488;SNPRC_nonfounder;yellow_anubis_hybrid;high_quality_tissue;PRJNA433884;SRR7624584;"species assignment is based on a priori status from colony records; may not match genomic ancestry designation";Rogers
11887;SNPRC_nonfounder;Unknown;high_quality_tissue;PRJNA433885;SRR7588769;"species assignment is based on a priori status from colony records; may not match genomic ancestry designation";Rogers
12242;SNPRC_nonfounder;anubis;high_quality_tissue;PRJNA433886;"SRR8723564; SRR8723553; SRR8723551; SRR8723550; SRR8723549; SRR8723548; SRR8723547; SRR8723545; SRR8723544; SRR8723543";"species assignment is based on a priori status from colony records; may not match genomic ancestry designation";Rogers
13245;SNPRC_nonfounder;Unknown;high_quality_tissue;PRJNA433887;SRR7588767;"species assignment is based on a priori status from colony records; may not match genomic ancestry designation";Rogers
13644;SNPRC_nonfounder;yellow_anubis_hybrid;high_quality_tissue;PRJNA433888;"SRR6710899; SRR7588768";"species assignment is based on a priori status from colony records; may not match genomic ancestry designation";Rogers
14022;SNPRC_nonfounder;yellow_anubis_hybrid;high_quality_tissue;PRJNA433889;SRR7624586;"species assignment is based on a priori status from colony records; may not match genomic ancestry designation";Rogers
14182;SNPRC_nonfounder;yellow_anubis_hybrid;high_quality_tissue;PRJNA433890;SRR7624585;"species assignment is based on a priori status from colony records; may not match genomic ancestry designation";Rogers
14276;SNPRC_nonfounder;yellow_anubis_hybrid;high_quality_tissue;PRJNA433891;"SRR7588774; SRR7588771";"species assignment is based on a priori status from colony records; may not match genomic ancestry designation";Rogers
14460;SNPRC_nonfounder;yellow_anubis_hybrid;high_quality_tissue;PRJNA433892;SRR7624588;"species assignment is based on a priori status from colony records; may not match genomic ancestry designation";Rogers
14652;SNPRC_nonfounder;anubis;high_quality_tissue;PRJNA433893;SRR7588772;"species assignment is based on a priori status from colony records; may not match genomic ancestry designation";Rogers
14712;SNPRC_nonfounder;Unknown;high_quality_tissue;PRJNA433894;SRR7588775;"species assignment is based on a priori status from colony records; may not match genomic ancestry designation";Rogers
14925;SNPRC_nonfounder;anubis;high_quality_tissue;PRJNA433895;SRR7624587;"species assignment is based on a priori status from colony records; may not match genomic ancestry designation";Rogers
14930;SNPRC_nonfounder;anubis;high_quality_tissue;PRJNA433896;SRR7624590;"species assignment is based on a priori status from colony records; may not match genomic ancestry designation";Rogers
14959;SNPRC_nonfounder;anubis;high_quality_tissue;PRJNA433897;SRR7588776;"species assignment is based on a priori status from colony records; may not match genomic ancestry designation";Rogers
15009;SNPRC_nonfounder;anubis;high_quality_tissue;PRJNA433898;SRR7588779;"species assignment is based on a priori status from colony records; may not match genomic ancestry designation";Rogers
15107;SNPRC_nonfounder;yellow_anubis_hybrid;high_quality_tissue;PRJNA433899;SRR7588780;"species assignment is based on a priori status from colony records; may not match genomic ancestry designation";Rogers
15150;SNPRC_nonfounder;anubis;high_quality_tissue;PRJNA433900;SRR7588777;"species assignment is based on a priori status from colony records; may not match genomic ancestry designation";Rogers
15156;SNPRC_nonfounder;anubis;high_quality_tissue;PRJNA433901;SRR7624589;"species assignment is based on a priori status from colony records; may not match genomic ancestry designation";Rogers
15190;SNPRC_nonfounder;anubis;high_quality_tissue;PRJNA433902;SRR7588778;"species assignment is based on a priori status from colony records; may not match genomic ancestry designation";Rogers
15197;SNPRC_nonfounder;Unknown;high_quality_tissue;PRJNA433903;SRR7624598;"species assignment is based on a priori status from colony records; may not match genomic ancestry designation";Rogers
15421;SNPRC_nonfounder;yellow_anubis_hybrid;high_quality_tissue;PRJNA433904;SRR7588783;"species assignment is based on a priori status from colony records; may not match genomic ancestry designation";Rogers
15444;SNPRC_nonfounder;anubis;high_quality_tissue;PRJNA433905;"SRR7639485; SRR7693040; SRR7693041; SRR7698981; SRR7656061; SRR7639484; SRR7639481";"species assignment is based on a priori status from colony records; may not match genomic ancestry designation";Rogers
15467;SNPRC_nonfounder;anubis;high_quality_tissue;PRJNA433906;SRR7588784;"species assignment is based on a priori status from colony records; may not match genomic ancestry designation";Rogers
15626;SNPRC_nonfounder;anubis;high_quality_tissue;PRJNA433907;SRR7588781;"species assignment is based on a priori status from colony records; may not match genomic ancestry designation";Rogers
15628;SNPRC_nonfounder;anubis;high_quality_tissue;PRJNA433908;SRR7624597;"species assignment is based on a priori status from colony records; may not match genomic ancestry designation";Rogers
15633;SNPRC_nonfounder;yellow_anubis_hybrid;high_quality_tissue;PRJNA433909;SRR7624596;"species assignment is based on a priori status from colony records; may not match genomic ancestry designation";Rogers
16413;SNPRC_nonfounder;anubis;high_quality_tissue;PRJNA433910;"SRR7639489; SRR7639483";"species assignment is based on a priori status from colony records; may not match genomic ancestry designation";Rogers
16517;SNPRC_nonfounder;anubis;high_quality_tissue;PRJNA433911;"SRR7639488; SRR7639487; SRR7639486";"species assignment is based on a priori status from colony records; may not match genomic ancestry designation";Rogers
17199;SNPRC_nonfounder;anubis;high_quality_tissue;PRJNA433912;"SRR7639479; SRR7656071; SRR7656072; SRR7656073; SRR7639478; SRR7639467";"species assignment is based on a priori status from colony records; may not match genomic ancestry designation";Rogers
18385;SNPRC_nonfounder;anubis;high_quality_tissue;PRJNA433913;"SRR8723591; SRR8723590; SRR8723581; SRR8723579; SRR8723578; SRR8723577; SRR8723576; SRR8723563";"species assignment is based on a priori status from colony records; may not match genomic ancestry designation";Rogers
18929;SNPRC_nonfounder;Unknown;high_quality_tissue;PRJNA433914;SRR7624595;"species assignment is based on a priori status from colony records; may not match genomic ancestry designation";Rogers
19181;SNPRC_nonfounder;anubis;high_quality_tissue;PRJNA433915;"SRR7639469; SRR7639468; SRR7639466; SRR7656098; SRR7656099; SRR7656100";"species assignment is based on a priori status from colony records; may not match genomic ancestry designation";Rogers
19207;SNPRC_nonfounder;Unknown;high_quality_tissue;PRJNA433916;SRR7624602;"species assignment is based on a priori status from colony records; may not match genomic ancestry designation";Rogers
19348;SNPRC_nonfounder;anubis;high_quality_tissue;PRJNA433917;"SRR7639473; SRR7639471; SRR7639470";"species assignment is based on a priori status from colony records; may not match genomic ancestry designation";Rogers
25347;SNPRC_nonfounder;Unknown;high_quality_tissue;PRJNA433918;SRR7624573;"species assignment is based on a priori status from colony records; may not match genomic ancestry designation";Rogers
26196;SNPRC_nonfounder;yellow_anubis_hybrid;high_quality_tissue;PRJNA433919;SRR7624574;"species assignment is based on a priori status from colony records; may not match genomic ancestry designation";Rogers
26988;SNPRC_nonfounder;anubis;high_quality_tissue;PRJNA433920;"SRR8723562; SRR8723561; SRR8723560; SRR8723559; SRR8723558; SRR8723557; SRR8723556; SRR8723555";"species assignment is based on a priori status from colony records; may not match genomic ancestry designation";Rogers
27351;SNPRC_nonfounder;yellow_anubis_hybrid;high_quality_tissue;PRJNA433921;SRR7624571;"species assignment is based on a priori status from colony records; may not match genomic ancestry designation";Rogers
28246;SNPRC_nonfounder;anubis;high_quality_tissue;PRJNA433922;"SRR8723589; SRR8723588; SRR8723587; SRR8723586; SRR8723585; SRR8723584; SRR8723566; SRR8723565; SRR8723554; SRR8723552; SRR8723546";"species assignment is based on a priori status from colony records; may not match genomic ancestry designation";Rogers
28279;SNPRC_nonfounder;yellow_anubis_hybrid;high_quality_tissue;PRJNA433923;"SRR7624572; SRR8285741";"species assignment is based on a priori status from colony records; may not match genomic ancestry designation";Rogers
28635;SNPRC_nonfounder;yellow_anubis_hybrid;high_quality_tissue;PRJNA433924;"SRR7624577; SRR8285742";"species assignment is based on a priori status from colony records; may not match genomic ancestry designation";Rogers
1X2231;SNPRC_nonfounder;anubis;high_quality_tissue;PRJNA433925;SRR7624601;"species assignment is based on a priori status from colony records; may not match genomic ancestry designation";Rogers
1X2816;SNPRC_nonfounder;anubis;high_quality_tissue;PRJNA433926;"SRR7588785; SRR7588782";"species assignment is based on a priori status from colony records; may not match genomic ancestry designation";Rogers
1X3697;SNPRC_nonfounder;anubis;high_quality_tissue;PRJNA433927;SRR7588786;"species assignment is based on a priori status from colony records; may not match genomic ancestry designation";Rogers
1X3796;SNPRC_nonfounder;yellow_anubis_hybrid;high_quality_tissue;PRJNA433928;SRR7624600;"species assignment is based on a priori status from colony records; may not match genomic ancestry designation";Rogers
1X3822;SNPRC_nonfounder;anubis;high_quality_tissue;PRJNA433929;SRR7588762;"species assignment is based on a priori status from colony records; may not match genomic ancestry designation";Rogers
1X3837;SNPRC_nonfounder;yellow_anubis_hybrid;high_quality_tissue;PRJNA433930;SRR7588761;"species assignment is based on a priori status from colony records; may not match genomic ancestry designation";Rogers
1X4179;SNPRC_nonfounder;anubis;high_quality_tissue;PRJNA433931;SRR7624599;"species assignment is based on a priori status from colony records; may not match genomic ancestry designation";Rogers
1X4209;SNPRC_nonfounder;Unknown;high_quality_tissue;PRJNA433932;SRR7624594;"species assignment is based on a priori status from colony records; may not match genomic ancestry designation";Rogers
1X4777;SNPRC_nonfounder;yellow_anubis_hybrid;high_quality_tissue;PRJNA433933;SRR7588760;"species assignment is based on a priori status from colony records; may not match genomic ancestry designation";Rogers
1X4853;SNPRC_nonfounder;yellow_anubis_hybrid;high_quality_tissue;PRJNA433934;SRR7624593;"species assignment is based on a priori status from colony records; may not match genomic ancestry designation";Rogers
1X0812;SNPRC_founder;Unknown;high_quality_tissue;PRJNA433935;SRR8285747;;Rogers
1X4384;SNPRC_founder_yellow;yellow;high_quality_tissue;PRJNA433936;SRR8285752;;Rogers
AMB_310;Amboseli;yellow_anubis_hybrid;low_quality_fecal;PRJNA295782;"SRR2565911; SRR2566816";"id has been changed so that it is consistent with ids from BioProject PRJNA755322; SRR2566816 is 50bp, SRR2565911is 100 bp, single-end data";Snyder
AMB_311;Amboseli;yellow_anubis_hybrid;low_quality_fecal;PRJNA295782;SRR2565913;"id has been changed so that it is consistent with ids from BioProject PRJNA755322; single-end data";Snyder
AMB_082;Amboseli;yellow_anubis_hybrid;low_quality_fecal;PRJNA295782;SRR2565851;"id has been changed so that it is consistent with ids from BioProject PRJNA755322; single-end data";Snyder
AMB_114;Amboseli;yellow_anubis_hybrid;low_quality_fecal;PRJNA295782;SRR2565852;"id has been changed so that it is consistent with ids from BioProject PRJNA755322; single-end data";Snyder
AMB_239;Amboseli;yellow_anubis_hybrid;low_quality_fecal;PRJNA295782;SRR2565853;"id has been changed so that it is consistent with ids from BioProject PRJNA755322; single-end data";Snyder
AMB_257;Amboseli;yellow_anubis_hybrid;low_quality_fecal;PRJNA295782;SRR2565854;"id has been changed so that it is consistent with ids from BioProject PRJNA755322; single-end data";Snyder
AMB_443;Amboseli;yellow_anubis_hybrid;low_quality_fecal;PRJNA295782;SRR2565855;"id has been changed so that it is consistent with ids from BioProject PRJNA755322; single-end data";Snyder
AMB_444;Amboseli;yellow_anubis_hybrid;low_quality_fecal;PRJNA295782;SRR2565856;"id has been changed so that it is consistent with ids from BioProject PRJNA755322; single-end data";Snyder
AMB_445;Amboseli;yellow_anubis_hybrid;low_quality_fecal;PRJNA295782;SRR2565857;"id has been changed so that it is consistent with ids from BioProject PRJNA755322; single-end data";Snyder
AMB_317;Amboseli;yellow_anubis_hybrid;low_quality_fecal;PRJNA295782;SRR2565858;"id has been changed so that it is consistent with ids from BioProject PRJNA755322; single-end data";Snyder
AMB_446;Amboseli;yellow_anubis_hybrid;low_quality_fecal;PRJNA295782;SRR2565859;"id has been changed so that it is consistent with ids from BioProject PRJNA755322; single-end data";Snyder
AMB_447;Amboseli;yellow_anubis_hybrid;low_quality_fecal;PRJNA295782;SRR2565860;"id has been changed so that it is consistent with ids from BioProject PRJNA755322; single-end data";Snyder
AMB_308;Amboseli;yellow_anubis_hybrid;low_quality_fecal;PRJNA295782;SRR2565861;"id has been changed so that it is consistent with ids from BioProject PRJNA755322; single-end data";Snyder
AMB_448;Amboseli;yellow_anubis_hybrid;low_quality_fecal;PRJNA295782;SRR2565862;"id has been changed so that it is consistent with ids from BioProject PRJNA755322; single-end data";Snyder
AMB_283;Amboseli;yellow_anubis_hybrid;low_quality_fecal;PRJNA295782;SRR2565863;"id has been changed so that it is consistent with ids from BioProject PRJNA755322; single-end data";Snyder
AMB_293;Amboseli;yellow_anubis_hybrid;low_quality_fecal;PRJNA295782;SRR2565864;"id has been changed so that it is consistent with ids from BioProject PRJNA755322; single-end data";Snyder
AMB_449;Amboseli;yellow_anubis_hybrid;low_quality_fecal;PRJNA295782;SRR2565865;"id has been changed so that it is consistent with ids from BioProject PRJNA755322; single-end data";Snyder
AMB_450;Amboseli;yellow_anubis_hybrid;low_quality_fecal;PRJNA295782;SRR2565866;"id has been changed so that it is consistent with ids from BioProject PRJNA755322; single-end data";Snyder
AMB_121;Amboseli;yellow_anubis_hybrid;low_quality_fecal;PRJNA295782;SRR2565867;"id has been changed so that it is consistent with ids from BioProject PRJNA755322; single-end data";Snyder
AMB_274;Amboseli;yellow_anubis_hybrid;low_quality_fecal;PRJNA295782;SRR2565868;"id has been changed so that it is consistent with ids from BioProject PRJNA755322; single-end data";Snyder
AMB_260;Amboseli;yellow_anubis_hybrid;low_quality_fecal;PRJNA295782;SRR2565869;"id has been changed so that it is consistent with ids from BioProject PRJNA755322; single-end data";Snyder
AMB_309;Amboseli;yellow_anubis_hybrid;low_quality_fecal;PRJNA295782;SRR2565870;"id has been changed so that it is consistent with ids from BioProject PRJNA755322; single-end data";Snyder
AMB_105;Amboseli;yellow_anubis_hybrid;low_quality_fecal;PRJNA295782;SRR2565871;"id has been changed so that it is consistent with ids from BioProject PRJNA755322; single-end data";Snyder
AMB_451;Amboseli;yellow_anubis_hybrid;low_quality_fecal;PRJNA295782;SRR2565872;"id has been changed so that it is consistent with ids from BioProject PRJNA755344; identity is unclear - originally labeled as AMB_238, but based on microsat data, likely a sample from AMB_140; single-end data";Snyder
AMB_452;Amboseli;yellow_anubis_hybrid;low_quality_fecal;PRJNA295782;SRR2565873;"id has been changed so that it is consistent with ids from BioProject PRJNA755322; single-end data";Snyder
AMB_453;Amboseli;yellow_anubis_hybrid;low_quality_fecal;PRJNA295782;SRR2565874;"id has been changed so that it is consistent with ids from BioProject PRJNA755322; single-end data";Snyder
AMB_454;Amboseli;yellow_anubis_hybrid;low_quality_fecal;PRJNA295782;SRR2565875;id has been changed so that it is consistent with ids from BioProject PRJNA755347;Snyder
AMB_455;Amboseli;yellow_anubis_hybrid;low_quality_fecal;PRJNA295782;SRR2565876;id has been changed so that it is consistent with ids from BioProject PRJNA755348;Snyder
AMB_123;Amboseli;yellow_anubis_hybrid;low_quality_fecal;PRJNA295782;SRR2565877;id has been changed so that it is consistent with ids from BioProject PRJNA755349;Snyder
AMB_456;Amboseli;yellow_anubis_hybrid;low_quality_fecal;PRJNA295782;SRR2565878;id has been changed so that it is consistent with ids from BioProject PRJNA755350;Snyder
AMB_184;Amboseli;yellow_anubis_hybrid;low_quality_fecal;PRJNA295782;SRR2565879;id has been changed so that it is consistent with ids from BioProject PRJNA755351;Snyder
AMB_014;Amboseli;yellow_anubis_hybrid;low_quality_fecal;PRJNA295782;SRR2565880;id has been changed so that it is consistent with ids from BioProject PRJNA755352;Snyder
AMB_015;Amboseli;yellow_anubis_hybrid;low_quality_fecal;PRJNA295782;SRR2565881;id has been changed so that it is consistent with ids from BioProject PRJNA755353;Snyder
AMB_457;Amboseli;yellow_anubis_hybrid;low_quality_fecal;PRJNA295782;SRR2565882;id has been changed so that it is consistent with ids from BioProject PRJNA755354;Snyder
AMB_127;Amboseli;yellow_anubis_hybrid;low_quality_fecal;PRJNA295782;SRR2565883;id has been changed so that it is consistent with ids from BioProject PRJNA755355;Snyder
AMB_458;Amboseli;yellow_anubis_hybrid;low_quality_fecal;PRJNA295782;SRR2565884;id has been changed so that it is consistent with ids from BioProject PRJNA755356;Snyder
AMB_107;Amboseli;yellow_anubis_hybrid;low_quality_fecal;PRJNA295782;SRR2565885;id has been changed so that it is consistent with ids from BioProject PRJNA755357;Snyder
AMB_118;Amboseli;yellow_anubis_hybrid;low_quality_fecal;PRJNA295782;SRR2565886;id has been changed so that it is consistent with ids from BioProject PRJNA755358;Snyder
AMB_111;Amboseli;yellow_anubis_hybrid;low_quality_fecal;PRJNA295782;SRR2565887;id has been changed so that it is consistent with ids from BioProject PRJNA755359;Snyder
AMB_282;Amboseli;yellow_anubis_hybrid;low_quality_fecal;PRJNA295782;SRR2565888;id has been changed so that it is consistent with ids from BioProject PRJNA755360;Snyder
AMB_106;Amboseli;yellow_anubis_hybrid;low_quality_fecal;PRJNA295782;SRR2565889;id has been changed so that it is consistent with ids from BioProject PRJNA755361;Snyder
AMB_274;Amboseli;yellow_anubis_hybrid;low_quality_fecal;PRJNA295782;SRR2565890;id has been changed so that it is consistent with ids from BioProject PRJNA755362;Snyder
AMB_459;Amboseli;yellow_anubis_hybrid;low_quality_fecal;PRJNA295782;SRR2565892;id has been changed so that it is consistent with ids from BioProject PRJNA755364;Snyder
AMB_261;Amboseli;yellow_anubis_hybrid;low_quality_fecal;PRJNA295782;SRR2565894;id has been changed so that it is consistent with ids from BioProject PRJNA755366;Snyder
AMB_460;Amboseli;yellow_anubis_hybrid;low_quality_fecal;PRJNA295782;SRR2565895;id has been changed so that it is consistent with ids from BioProject PRJNA755367;Snyder
AMB_461;Amboseli;yellow_anubis_hybrid;low_quality_fecal;PRJNA295782;SRR2565896;id has been changed so that it is consistent with ids from BioProject PRJNA755368;Snyder
AMB_272;Amboseli;yellow_anubis_hybrid;low_quality_fecal;PRJNA295782;SRR2565897;id has been changed so that it is consistent with ids from BioProject PRJNA755369;Snyder
AMB_255;Amboseli;yellow_anubis_hybrid;low_quality_fecal;PRJNA295782;SRR2565898;id has been changed so that it is consistent with ids from BioProject PRJNA755370;Snyder
AMB_254;Amboseli;yellow_anubis_hybrid;low_quality_fecal;PRJNA295782;SRR2565899;id has been changed so that it is consistent with ids from BioProject PRJNA755371;Snyder
AMB_462;Amboseli;yellow_anubis_hybrid;low_quality_fecal;PRJNA295782;SRR2565900;id has been changed so that it is consistent with ids from BioProject PRJNA755372;Snyder
AMB_463;Amboseli;yellow_anubis_hybrid;low_quality_fecal;PRJNA295782;SRR2565901;id has been changed so that it is consistent with ids from BioProject PRJNA755373;Snyder
AMB_258;Amboseli;yellow_anubis_hybrid;low_quality_fecal;PRJNA295782;SRR2565902;id has been changed so that it is consistent with ids from BioProject PRJNA755374;Snyder